{
  "HTTP请求2_${weekDayStrRes}-1" : {
    "transaction" : "HTTP请求2_${weekDayStrRes}-1",
    "sampleCount" : 950,
    "errorCount" : 0,
    "errorPct" : 0.0,
    "meanResTime" : 35.83894736842107,
    "minResTime" : 28.0,
    "maxResTime" : 142.0,
    "pct1ResTime" : 41.0,
    "pct2ResTime" : 45.0,
    "pct3ResTime" : 67.47000000000003,
    "throughput" : 37.470910740346305,
    "receivedKBytesPerSec" : 36.66587164240918,
    "sentKBytesPerSec" : 6.733054273655977
  },
  "HTTP请求2_${weekDayStrRes}-0" : {
    "transaction" : "HTTP请求2_${weekDayStrRes}-0",
    "sampleCount" : 950,
    "errorCount" : 0,
    "errorPct" : 0.0,
    "meanResTime" : 62.635789473684156,
    "minResTime" : 49.0,
    "maxResTime" : 403.0,
    "pct1ResTime" : 71.0,
    "pct2ResTime" : 76.44999999999993,
    "pct3ResTime" : 100.49000000000001,
    "throughput" : 37.41335853812224,
    "receivedKBytesPerSec" : 14.843003886558758,
    "sentKBytesPerSec" : 6.722712862318841
  },
  "HTTP请求2_${weekDayStrRes}" : {
    "transaction" : "HTTP请求2_${weekDayStrRes}",
    "sampleCount" : 950,
    "errorCount" : 0,
    "errorPct" : 0.0,
    "meanResTime" : 98.75894736842113,
    "minResTime" : 80.0,
    "maxResTime" : 432.0,
    "pct1ResTime" : 110.0,
    "pct2ResTime" : 120.44999999999993,
    "pct3ResTime" : 156.96000000000004,
    "throughput" : 37.36773787515242,
    "receivedKBytesPerSec" : 51.3898201800535,
    "sentKBytesPerSec" : 13.429030798882902
  },
  "Total" : {
    "transaction" : "Total",
    "sampleCount" : 3807,
    "errorCount" : 0,
    "errorPct" : 0.0,
    "meanResTime" : 96.54137115839231,
    "minResTime" : 28.0,
    "maxResTime" : 4364.0,
    "pct1ResTime" : 153.0,
    "pct2ResTime" : 167.0,
    "pct3ResTime" : 385.60000000000036,
    "throughput" : 126.86194141757473,
    "receivedKBytesPerSec" : 118.27805824919191,
    "sentKBytesPerSec" : 28.483902745842915
  },
  "HTTP请求1" : {
    "transaction" : "HTTP请求1",
    "sampleCount" : 957,
    "errorCount" : 0,
    "errorPct" : 0.0,
    "meanResTime" : 188.25600835945642,
    "minResTime" : 114.0,
    "maxResTime" : 4364.0,
    "pct1ResTime" : 192.0,
    "pct2ResTime" : 334.099999999999,
    "pct3ResTime" : 711.5199999999854,
    "throughput" : 31.89043287013896,
    "receivedKBytesPerSec" : 31.205286851444566,
    "sentKBytesPerSec" : 5.730312156353094
  }
}